{"trial_id": "0047", "hyperparameters": {"space": [{"class_name": "Int", "config": {"name": "units1", "default": null, "conditions": [], "min_value": 32, "max_value": 256, "step": 32, "sampling": "linear"}}, {"class_name": "Int", "config": {"name": "units2", "default": null, "conditions": [], "min_value": 16, "max_value": 128, "step": 16, "sampling": "linear"}}, {"class_name": "Float", "config": {"name": "dropout", "default": 0.2, "conditions": [], "min_value": 0.2, "max_value": 0.5, "step": 0.1, "sampling": "linear"}}, {"class_name": "Choice", "config": {"name": "learning_rate", "default": 0.01, "conditions": [], "values": [0.01, 0.001, 0.0001], "ordered": true}}, {"class_name": "Choice", "config": {"name": "activation", "default": "relu", "conditions": [], "values": ["relu", "tanh"], "ordered": false}}], "values": {"units1": 256, "units2": 64, "dropout": 0.30000000000000004, "learning_rate": 0.001, "activation": "relu", "tuner/epochs": 17, "tuner/initial_epoch": 6, "tuner/bracket": 3, "tuner/round": 2, "tuner/trial_id": "0037"}}, "metrics": {"metrics": {"accuracy": {"direction": "max", "observations": [{"value": [0.8067450523376465], "step": 4}]}, "auc": {"direction": "max", "observations": [{"value": [0.8529257774353027], "step": 4}]}, "loss": {"direction": "min", "observations": [{"value": [0.40839406847953796], "step": 4}]}, "val_accuracy": {"direction": "max", "observations": [{"value": [0.8127772808074951], "step": 4}]}, "val_auc": {"direction": "max", "observations": [{"value": [0.8436151742935181], "step": 4}]}, "val_loss": {"direction": "min", "observations": [{"value": [0.4178842008113861], "step": 4}]}}}, "score": 0.8436151742935181, "best_step": 4, "status": "COMPLETED", "message": null}