{"trial_id": "0070", "hyperparameters": {"space": [{"class_name": "Int", "config": {"name": "units1", "default": null, "conditions": [], "min_value": 32, "max_value": 256, "step": 32, "sampling": "linear"}}, {"class_name": "Int", "config": {"name": "units2", "default": null, "conditions": [], "min_value": 16, "max_value": 128, "step": 16, "sampling": "linear"}}, {"class_name": "Float", "config": {"name": "dropout", "default": 0.2, "conditions": [], "min_value": 0.2, "max_value": 0.5, "step": 0.1, "sampling": "linear"}}, {"class_name": "Choice", "config": {"name": "learning_rate", "default": 0.01, "conditions": [], "values": [0.01, 0.001, 0.0001], "ordered": true}}, {"class_name": "Choice", "config": {"name": "activation", "default": "relu", "conditions": [], "values": ["relu", "tanh"], "ordered": false}}], "values": {"units1": 96, "units2": 96, "dropout": 0.30000000000000004, "learning_rate": 0.0001, "activation": "tanh", "tuner/epochs": 17, "tuner/initial_epoch": 6, "tuner/bracket": 2, "tuner/round": 1, "tuner/trial_id": "0061"}}, "metrics": {"metrics": {"accuracy": {"direction": "max", "observations": [{"value": [0.7925449013710022], "step": 5}]}, "auc": {"direction": "max", "observations": [{"value": [0.8307660222053528], "step": 5}]}, "loss": {"direction": "min", "observations": [{"value": [0.43216654658317566], "step": 5}]}, "val_accuracy": {"direction": "max", "observations": [{"value": [0.8163265585899353], "step": 5}]}, "val_auc": {"direction": "max", "observations": [{"value": [0.8454732894897461], "step": 5}]}, "val_loss": {"direction": "min", "observations": [{"value": [0.41623592376708984], "step": 5}]}}}, "score": 0.8454732894897461, "best_step": 5, "status": "COMPLETED", "message": null}