{"trial_id": "0059", "hyperparameters": {"space": [{"class_name": "Int", "config": {"name": "units1", "default": null, "conditions": [], "min_value": 32, "max_value": 256, "step": 32, "sampling": "linear"}}, {"class_name": "Int", "config": {"name": "units2", "default": null, "conditions": [], "min_value": 16, "max_value": 128, "step": 16, "sampling": "linear"}}, {"class_name": "Float", "config": {"name": "dropout", "default": 0.2, "conditions": [], "min_value": 0.2, "max_value": 0.5, "step": 0.1, "sampling": "linear"}}, {"class_name": "Choice", "config": {"name": "learning_rate", "default": 0.01, "conditions": [], "values": [0.01, 0.001, 0.0001], "ordered": true}}, {"class_name": "Choice", "config": {"name": "activation", "default": "relu", "conditions": [], "values": ["relu", "tanh"], "ordered": false}}], "values": {"units1": 224, "units2": 80, "dropout": 0.30000000000000004, "learning_rate": 0.01, "activation": "relu", "tuner/epochs": 6, "tuner/initial_epoch": 0, "tuner/bracket": 2, "tuner/round": 0}}, "metrics": {"metrics": {"accuracy": {"direction": "max", "observations": [{"value": [0.7943199276924133], "step": 3}]}, "auc": {"direction": "max", "observations": [{"value": [0.83225417137146], "step": 3}]}, "loss": {"direction": "min", "observations": [{"value": [0.4329332411289215], "step": 3}]}, "val_accuracy": {"direction": "max", "observations": [{"value": [0.7976930141448975], "step": 3}]}, "val_auc": {"direction": "max", "observations": [{"value": [0.8411370515823364], "step": 3}]}, "val_loss": {"direction": "min", "observations": [{"value": [0.43423566222190857], "step": 3}]}}}, "score": 0.8411370515823364, "best_step": 3, "status": "COMPLETED", "message": null}