{"trial_id": "0083", "hyperparameters": {"space": [{"class_name": "Int", "config": {"name": "units1", "default": null, "conditions": [], "min_value": 32, "max_value": 256, "step": 32, "sampling": "linear"}}, {"class_name": "Int", "config": {"name": "units2", "default": null, "conditions": [], "min_value": 16, "max_value": 128, "step": 16, "sampling": "linear"}}, {"class_name": "Float", "config": {"name": "dropout", "default": 0.2, "conditions": [], "min_value": 0.2, "max_value": 0.5, "step": 0.1, "sampling": "linear"}}, {"class_name": "Choice", "config": {"name": "learning_rate", "default": 0.01, "conditions": [], "values": [0.01, 0.001, 0.0001], "ordered": true}}, {"class_name": "Choice", "config": {"name": "activation", "default": "relu", "conditions": [], "values": ["relu", "tanh"], "ordered": false}}], "values": {"units1": 192, "units2": 32, "dropout": 0.2, "learning_rate": 0.001, "activation": "tanh", "tuner/epochs": 50, "tuner/initial_epoch": 17, "tuner/bracket": 1, "tuner/round": 1, "tuner/trial_id": "0077"}}, "metrics": {"metrics": {"accuracy": {"direction": "max", "observations": [{"value": [0.7987574934959412], "step": 0}]}, "auc": {"direction": "max", "observations": [{"value": [0.8434845209121704], "step": 0}]}, "loss": {"direction": "min", "observations": [{"value": [0.4187610447406769], "step": 0}]}, "val_accuracy": {"direction": "max", "observations": [{"value": [0.8118899464607239], "step": 0}]}, "val_auc": {"direction": "max", "observations": [{"value": [0.8459861874580383], "step": 0}]}, "val_loss": {"direction": "min", "observations": [{"value": [0.4156924784183502], "step": 0}]}}}, "score": 0.8459861874580383, "best_step": 0, "status": "COMPLETED", "message": null}