{"trial_id": "0065", "hyperparameters": {"space": [{"class_name": "Int", "config": {"name": "units1", "default": null, "conditions": [], "min_value": 32, "max_value": 256, "step": 32, "sampling": "linear"}}, {"class_name": "Int", "config": {"name": "units2", "default": null, "conditions": [], "min_value": 16, "max_value": 128, "step": 16, "sampling": "linear"}}, {"class_name": "Float", "config": {"name": "dropout", "default": 0.2, "conditions": [], "min_value": 0.2, "max_value": 0.5, "step": 0.1, "sampling": "linear"}}, {"class_name": "Choice", "config": {"name": "learning_rate", "default": 0.01, "conditions": [], "values": [0.01, 0.001, 0.0001], "ordered": true}}, {"class_name": "Choice", "config": {"name": "activation", "default": "relu", "conditions": [], "values": ["relu", "tanh"], "ordered": false}}], "values": {"units1": 192, "units2": 96, "dropout": 0.2, "learning_rate": 0.001, "activation": "relu", "tuner/epochs": 6, "tuner/initial_epoch": 0, "tuner/bracket": 2, "tuner/round": 0}}, "metrics": {"metrics": {"accuracy": {"direction": "max", "observations": [{"value": [0.803416907787323], "step": 4}]}, "auc": {"direction": "max", "observations": [{"value": [0.8480225801467896], "step": 4}]}, "loss": {"direction": "min", "observations": [{"value": [0.4137015640735626], "step": 4}]}, "val_accuracy": {"direction": "max", "observations": [{"value": [0.8127772808074951], "step": 4}]}, "val_auc": {"direction": "max", "observations": [{"value": [0.8460245728492737], "step": 4}]}, "val_loss": {"direction": "min", "observations": [{"value": [0.41613999009132385], "step": 4}]}}}, "score": 0.8460245728492737, "best_step": 4, "status": "COMPLETED", "message": null}