{"trial_id": "0088", "hyperparameters": {"space": [{"class_name": "Int", "config": {"name": "units1", "default": null, "conditions": [], "min_value": 32, "max_value": 256, "step": 32, "sampling": "linear"}}, {"class_name": "Int", "config": {"name": "units2", "default": null, "conditions": [], "min_value": 16, "max_value": 128, "step": 16, "sampling": "linear"}}, {"class_name": "Float", "config": {"name": "dropout", "default": 0.2, "conditions": [], "min_value": 0.2, "max_value": 0.5, "step": 0.1, "sampling": "linear"}}, {"class_name": "Choice", "config": {"name": "learning_rate", "default": 0.01, "conditions": [], "values": [0.01, 0.001, 0.0001], "ordered": true}}, {"class_name": "Choice", "config": {"name": "activation", "default": "relu", "conditions": [], "values": ["relu", "tanh"], "ordered": false}}], "values": {"units1": 96, "units2": 112, "dropout": 0.30000000000000004, "learning_rate": 0.0001, "activation": "tanh", "tuner/epochs": 50, "tuner/initial_epoch": 0, "tuner/bracket": 0, "tuner/round": 0}}, "metrics": {"metrics": {"accuracy": {"direction": "max", "observations": [{"value": [0.7949855923652649], "step": 29}]}, "auc": {"direction": "max", "observations": [{"value": [0.8347395062446594], "step": 29}]}, "loss": {"direction": "min", "observations": [{"value": [0.4282122254371643], "step": 29}]}, "val_accuracy": {"direction": "max", "observations": [{"value": [0.8154392242431641], "step": 29}]}, "val_auc": {"direction": "max", "observations": [{"value": [0.8446552753448486], "step": 29}]}, "val_loss": {"direction": "min", "observations": [{"value": [0.41687116026878357], "step": 29}]}}}, "score": 0.8446552753448486, "best_step": 29, "status": "COMPLETED", "message": null}