{"trial_id": "0046", "hyperparameters": {"space": [{"class_name": "Int", "config": {"name": "units1", "default": null, "conditions": [], "min_value": 32, "max_value": 256, "step": 32, "sampling": "linear"}}, {"class_name": "Int", "config": {"name": "units2", "default": null, "conditions": [], "min_value": 16, "max_value": 128, "step": 16, "sampling": "linear"}}, {"class_name": "Float", "config": {"name": "dropout", "default": 0.2, "conditions": [], "min_value": 0.2, "max_value": 0.5, "step": 0.1, "sampling": "linear"}}, {"class_name": "Choice", "config": {"name": "learning_rate", "default": 0.01, "conditions": [], "values": [0.01, 0.001, 0.0001], "ordered": true}}, {"class_name": "Choice", "config": {"name": "activation", "default": "relu", "conditions": [], "values": ["relu", "tanh"], "ordered": false}}], "values": {"units1": 96, "units2": 80, "dropout": 0.4, "learning_rate": 0.001, "activation": "tanh", "tuner/epochs": 17, "tuner/initial_epoch": 6, "tuner/bracket": 3, "tuner/round": 2, "tuner/trial_id": "0039"}}, "metrics": {"metrics": {"accuracy": {"direction": "max", "observations": [{"value": [0.7998668551445007], "step": 6}]}, "auc": {"direction": "max", "observations": [{"value": [0.841754674911499], "step": 6}]}, "loss": {"direction": "min", "observations": [{"value": [0.4209567904472351], "step": 6}]}, "val_accuracy": {"direction": "max", "observations": [{"value": [0.8189884424209595], "step": 6}]}, "val_auc": {"direction": "max", "observations": [{"value": [0.8450067043304443], "step": 6}]}, "val_loss": {"direction": "min", "observations": [{"value": [0.4168800711631775], "step": 6}]}}}, "score": 0.8450067043304443, "best_step": 6, "status": "COMPLETED", "message": null}