{"trial_id": "0064", "hyperparameters": {"space": [{"class_name": "Int", "config": {"name": "units1", "default": null, "conditions": [], "min_value": 32, "max_value": 256, "step": 32, "sampling": "linear"}}, {"class_name": "Int", "config": {"name": "units2", "default": null, "conditions": [], "min_value": 16, "max_value": 128, "step": 16, "sampling": "linear"}}, {"class_name": "Float", "config": {"name": "dropout", "default": 0.2, "conditions": [], "min_value": 0.2, "max_value": 0.5, "step": 0.1, "sampling": "linear"}}, {"class_name": "Choice", "config": {"name": "learning_rate", "default": 0.01, "conditions": [], "values": [0.01, 0.001, 0.0001], "ordered": true}}, {"class_name": "Choice", "config": {"name": "activation", "default": "relu", "conditions": [], "values": ["relu", "tanh"], "ordered": false}}], "values": {"units1": 256, "units2": 128, "dropout": 0.30000000000000004, "learning_rate": 0.01, "activation": "relu", "tuner/epochs": 6, "tuner/initial_epoch": 0, "tuner/bracket": 2, "tuner/round": 0}}, "metrics": {"metrics": {"accuracy": {"direction": "max", "observations": [{"value": [0.7883292436599731], "step": 5}]}, "auc": {"direction": "max", "observations": [{"value": [0.8305796384811401], "step": 5}]}, "loss": {"direction": "min", "observations": [{"value": [0.43510356545448303], "step": 5}]}, "val_accuracy": {"direction": "max", "observations": [{"value": [0.7861579656600952], "step": 5}]}, "val_auc": {"direction": "max", "observations": [{"value": [0.8402202129364014], "step": 5}]}, "val_loss": {"direction": "min", "observations": [{"value": [0.4386560618877411], "step": 5}]}}}, "score": 0.8402202129364014, "best_step": 5, "status": "COMPLETED", "message": null}