{"trial_id": "0081", "hyperparameters": {"space": [{"class_name": "Int", "config": {"name": "units1", "default": null, "conditions": [], "min_value": 32, "max_value": 256, "step": 32, "sampling": "linear"}}, {"class_name": "Int", "config": {"name": "units2", "default": null, "conditions": [], "min_value": 16, "max_value": 128, "step": 16, "sampling": "linear"}}, {"class_name": "Float", "config": {"name": "dropout", "default": 0.2, "conditions": [], "min_value": 0.2, "max_value": 0.5, "step": 0.1, "sampling": "linear"}}, {"class_name": "Choice", "config": {"name": "learning_rate", "default": 0.01, "conditions": [], "values": [0.01, 0.001, 0.0001], "ordered": true}}, {"class_name": "Choice", "config": {"name": "activation", "default": "relu", "conditions": [], "values": ["relu", "tanh"], "ordered": false}}], "values": {"units1": 224, "units2": 96, "dropout": 0.4, "learning_rate": 0.0001, "activation": "tanh", "tuner/epochs": 17, "tuner/initial_epoch": 0, "tuner/bracket": 1, "tuner/round": 0}}, "metrics": {"metrics": {"accuracy": {"direction": "max", "observations": [{"value": [0.7938761711120605], "step": 10}]}, "auc": {"direction": "max", "observations": [{"value": [0.8297827243804932], "step": 10}]}, "loss": {"direction": "min", "observations": [{"value": [0.4342820644378662], "step": 10}]}, "val_accuracy": {"direction": "max", "observations": [{"value": [0.8118899464607239], "step": 10}]}, "val_auc": {"direction": "max", "observations": [{"value": [0.8447543382644653], "step": 10}]}, "val_loss": {"direction": "min", "observations": [{"value": [0.4166452884674072], "step": 10}]}}}, "score": 0.8447543382644653, "best_step": 10, "status": "COMPLETED", "message": null}