{"trial_id": "0041", "hyperparameters": {"space": [{"class_name": "Int", "config": {"name": "units1", "default": null, "conditions": [], "min_value": 32, "max_value": 256, "step": 32, "sampling": "linear"}}, {"class_name": "Int", "config": {"name": "units2", "default": null, "conditions": [], "min_value": 16, "max_value": 128, "step": 16, "sampling": "linear"}}, {"class_name": "Float", "config": {"name": "dropout", "default": 0.2, "conditions": [], "min_value": 0.2, "max_value": 0.5, "step": 0.1, "sampling": "linear"}}, {"class_name": "Choice", "config": {"name": "learning_rate", "default": 0.01, "conditions": [], "values": [0.01, 0.001, 0.0001], "ordered": true}}, {"class_name": "Choice", "config": {"name": "activation", "default": "relu", "conditions": [], "values": ["relu", "tanh"], "ordered": false}}], "values": {"units1": 256, "units2": 80, "dropout": 0.4, "learning_rate": 0.01, "activation": "tanh", "tuner/epochs": 6, "tuner/initial_epoch": 2, "tuner/bracket": 3, "tuner/round": 1, "tuner/trial_id": "0002"}}, "metrics": {"metrics": {"accuracy": {"direction": "max", "observations": [{"value": [0.7865542769432068], "step": 3}]}, "auc": {"direction": "max", "observations": [{"value": [0.8222146034240723], "step": 3}]}, "loss": {"direction": "min", "observations": [{"value": [0.4432854652404785], "step": 3}]}, "val_accuracy": {"direction": "max", "observations": [{"value": [0.8065661191940308], "step": 3}]}, "val_auc": {"direction": "max", "observations": [{"value": [0.8440151214599609], "step": 3}]}, "val_loss": {"direction": "min", "observations": [{"value": [0.4242134392261505], "step": 3}]}}}, "score": 0.8440151214599609, "best_step": 3, "status": "COMPLETED", "message": null}