{"trial_id": "0034", "hyperparameters": {"space": [{"class_name": "Int", "config": {"name": "units1", "default": null, "conditions": [], "min_value": 32, "max_value": 256, "step": 32, "sampling": "linear"}}, {"class_name": "Int", "config": {"name": "units2", "default": null, "conditions": [], "min_value": 16, "max_value": 128, "step": 16, "sampling": "linear"}}, {"class_name": "Float", "config": {"name": "dropout", "default": 0.2, "conditions": [], "min_value": 0.2, "max_value": 0.5, "step": 0.1, "sampling": "linear"}}, {"class_name": "Choice", "config": {"name": "learning_rate", "default": 0.01, "conditions": [], "values": [0.01, 0.001, 0.0001], "ordered": true}}, {"class_name": "Choice", "config": {"name": "activation", "default": "relu", "conditions": [], "values": ["relu", "tanh"], "ordered": false}}], "values": {"units1": 64, "units2": 96, "dropout": 0.4, "learning_rate": 0.001, "activation": "relu", "tuner/epochs": 6, "tuner/initial_epoch": 2, "tuner/bracket": 3, "tuner/round": 1, "tuner/trial_id": "0015"}}, "metrics": {"metrics": {"accuracy": {"direction": "max", "observations": [{"value": [0.799423098564148], "step": 3}]}, "auc": {"direction": "max", "observations": [{"value": [0.8380968570709229], "step": 3}]}, "loss": {"direction": "min", "observations": [{"value": [0.4257042109966278], "step": 3}]}, "val_accuracy": {"direction": "max", "observations": [{"value": [0.8083407282829285], "step": 3}]}, "val_auc": {"direction": "max", "observations": [{"value": [0.84430992603302], "step": 3}]}, "val_loss": {"direction": "min", "observations": [{"value": [0.4182398319244385], "step": 3}]}}}, "score": 0.84430992603302, "best_step": 3, "status": "COMPLETED", "message": null}