{"trial_id": "0007", "hyperparameters": {"space": [{"class_name": "Int", "config": {"name": "units1", "default": null, "conditions": [], "min_value": 32, "max_value": 256, "step": 32, "sampling": "linear"}}, {"class_name": "Int", "config": {"name": "units2", "default": null, "conditions": [], "min_value": 16, "max_value": 128, "step": 16, "sampling": "linear"}}, {"class_name": "Float", "config": {"name": "dropout", "default": 0.2, "conditions": [], "min_value": 0.2, "max_value": 0.5, "step": 0.1, "sampling": "linear"}}, {"class_name": "Choice", "config": {"name": "learning_rate", "default": 0.01, "conditions": [], "values": [0.01, 0.001, 0.0001], "ordered": true}}, {"class_name": "Choice", "config": {"name": "activation", "default": "relu", "conditions": [], "values": ["relu", "tanh"], "ordered": false}}], "values": {"units1": 224, "units2": 112, "dropout": 0.2, "learning_rate": 0.01, "activation": "tanh", "tuner/epochs": 2, "tuner/initial_epoch": 0, "tuner/bracket": 3, "tuner/round": 0}}, "metrics": {"metrics": {"accuracy": {"direction": "max", "observations": [{"value": [0.7765697836875916], "step": 0}]}, "auc": {"direction": "max", "observations": [{"value": [0.8016037940979004], "step": 0}]}, "loss": {"direction": "min", "observations": [{"value": [0.4678594172000885], "step": 0}]}, "val_accuracy": {"direction": "max", "observations": [{"value": [0.7870452404022217], "step": 0}]}, "val_auc": {"direction": "max", "observations": [{"value": [0.8397738933563232], "step": 0}]}, "val_loss": {"direction": "min", "observations": [{"value": [0.4305449426174164], "step": 0}]}}}, "score": 0.8397738933563232, "best_step": 0, "status": "COMPLETED", "message": null}