{"trial_id": "0078", "hyperparameters": {"space": [{"class_name": "Int", "config": {"name": "units1", "default": null, "conditions": [], "min_value": 32, "max_value": 256, "step": 32, "sampling": "linear"}}, {"class_name": "Int", "config": {"name": "units2", "default": null, "conditions": [], "min_value": 16, "max_value": 128, "step": 16, "sampling": "linear"}}, {"class_name": "Float", "config": {"name": "dropout", "default": 0.2, "conditions": [], "min_value": 0.2, "max_value": 0.5, "step": 0.1, "sampling": "linear"}}, {"class_name": "Choice", "config": {"name": "learning_rate", "default": 0.01, "conditions": [], "values": [0.01, 0.001, 0.0001], "ordered": true}}, {"class_name": "Choice", "config": {"name": "activation", "default": "relu", "conditions": [], "values": ["relu", "tanh"], "ordered": false}}], "values": {"units1": 192, "units2": 80, "dropout": 0.2, "learning_rate": 0.001, "activation": "relu", "tuner/epochs": 17, "tuner/initial_epoch": 0, "tuner/bracket": 1, "tuner/round": 0}}, "metrics": {"metrics": {"accuracy": {"direction": "max", "observations": [{"value": [0.8065232038497925], "step": 6}]}, "auc": {"direction": "max", "observations": [{"value": [0.851081371307373], "step": 6}]}, "loss": {"direction": "min", "observations": [{"value": [0.40973472595214844], "step": 6}]}, "val_accuracy": {"direction": "max", "observations": [{"value": [0.8145518898963928], "step": 6}]}, "val_auc": {"direction": "max", "observations": [{"value": [0.8444371223449707], "step": 6}]}, "val_loss": {"direction": "min", "observations": [{"value": [0.41842958331108093], "step": 6}]}}}, "score": 0.8444371223449707, "best_step": 6, "status": "COMPLETED", "message": null}