{"trial_id": "0067", "hyperparameters": {"space": [{"class_name": "Int", "config": {"name": "units1", "default": null, "conditions": [], "min_value": 32, "max_value": 256, "step": 32, "sampling": "linear"}}, {"class_name": "Int", "config": {"name": "units2", "default": null, "conditions": [], "min_value": 16, "max_value": 128, "step": 16, "sampling": "linear"}}, {"class_name": "Float", "config": {"name": "dropout", "default": 0.2, "conditions": [], "min_value": 0.2, "max_value": 0.5, "step": 0.1, "sampling": "linear"}}, {"class_name": "Choice", "config": {"name": "learning_rate", "default": 0.01, "conditions": [], "values": [0.01, 0.001, 0.0001], "ordered": true}}, {"class_name": "Choice", "config": {"name": "activation", "default": "relu", "conditions": [], "values": ["relu", "tanh"], "ordered": false}}], "values": {"units1": 192, "units2": 96, "dropout": 0.2, "learning_rate": 0.001, "activation": "relu", "tuner/epochs": 17, "tuner/initial_epoch": 6, "tuner/bracket": 2, "tuner/round": 1, "tuner/trial_id": "0065"}}, "metrics": {"metrics": {"accuracy": {"direction": "max", "observations": [{"value": [0.8096294403076172], "step": 1}]}, "auc": {"direction": "max", "observations": [{"value": [0.8528323173522949], "step": 1}]}, "loss": {"direction": "min", "observations": [{"value": [0.4069629907608032], "step": 1}]}, "val_accuracy": {"direction": "max", "observations": [{"value": [0.8110026717185974], "step": 1}]}, "val_auc": {"direction": "max", "observations": [{"value": [0.8459639549255371], "step": 1}]}, "val_loss": {"direction": "min", "observations": [{"value": [0.41731172800064087], "step": 1}]}}}, "score": 0.8459639549255371, "best_step": 1, "status": "COMPLETED", "message": null}