{"trial_id": "0019", "hyperparameters": {"space": [{"class_name": "Int", "config": {"name": "units1", "default": null, "conditions": [], "min_value": 32, "max_value": 256, "step": 32, "sampling": "linear"}}, {"class_name": "Int", "config": {"name": "units2", "default": null, "conditions": [], "min_value": 16, "max_value": 128, "step": 16, "sampling": "linear"}}, {"class_name": "Float", "config": {"name": "dropout", "default": 0.2, "conditions": [], "min_value": 0.2, "max_value": 0.5, "step": 0.1, "sampling": "linear"}}, {"class_name": "Choice", "config": {"name": "learning_rate", "default": 0.01, "conditions": [], "values": [0.01, 0.001, 0.0001], "ordered": true}}, {"class_name": "Choice", "config": {"name": "activation", "default": "relu", "conditions": [], "values": ["relu", "tanh"], "ordered": false}}], "values": {"units1": 32, "units2": 32, "dropout": 0.2, "learning_rate": 0.0001, "activation": "tanh", "tuner/epochs": 2, "tuner/initial_epoch": 0, "tuner/bracket": 3, "tuner/round": 0}}, "metrics": {"metrics": {"accuracy": {"direction": "max", "observations": [{"value": [0.7357444167137146], "step": 1}]}, "auc": {"direction": "max", "observations": [{"value": [0.7100701332092285], "step": 1}]}, "loss": {"direction": "min", "observations": [{"value": [0.5300741195678711], "step": 1}]}, "val_accuracy": {"direction": "max", "observations": [{"value": [0.7346938848495483], "step": 1}]}, "val_auc": {"direction": "max", "observations": [{"value": [0.78493732213974], "step": 1}]}, "val_loss": {"direction": "min", "observations": [{"value": [0.5007626414299011], "step": 1}]}}}, "score": 0.78493732213974, "best_step": 1, "status": "COMPLETED", "message": null}