{"trial_id": "0051", "hyperparameters": {"space": [{"class_name": "Int", "config": {"name": "units1", "default": null, "conditions": [], "min_value": 32, "max_value": 256, "step": 32, "sampling": "linear"}}, {"class_name": "Int", "config": {"name": "units2", "default": null, "conditions": [], "min_value": 16, "max_value": 128, "step": 16, "sampling": "linear"}}, {"class_name": "Float", "config": {"name": "dropout", "default": 0.2, "conditions": [], "min_value": 0.2, "max_value": 0.5, "step": 0.1, "sampling": "linear"}}, {"class_name": "Choice", "config": {"name": "learning_rate", "default": 0.01, "conditions": [], "values": [0.01, 0.001, 0.0001], "ordered": true}}, {"class_name": "Choice", "config": {"name": "activation", "default": "relu", "conditions": [], "values": ["relu", "tanh"], "ordered": false}}], "values": {"units1": 96, "units2": 80, "dropout": 0.4, "learning_rate": 0.001, "activation": "tanh", "tuner/epochs": 50, "tuner/initial_epoch": 17, "tuner/bracket": 3, "tuner/round": 3, "tuner/trial_id": "0046"}}, "metrics": {"metrics": {"accuracy": {"direction": "max", "observations": [{"value": [0.803195059299469], "step": 32}]}, "auc": {"direction": "max", "observations": [{"value": [0.847521185874939], "step": 32}]}, "loss": {"direction": "min", "observations": [{"value": [0.4139438569545746], "step": 32}]}, "val_accuracy": {"direction": "max", "observations": [{"value": [0.8154392242431641], "step": 32}]}, "val_auc": {"direction": "max", "observations": [{"value": [0.8473635911941528], "step": 32}]}, "val_loss": {"direction": "min", "observations": [{"value": [0.41293802857398987], "step": 32}]}}}, "score": 0.8473635911941528, "best_step": 32, "status": "COMPLETED", "message": null}