{"trial_id": "0017", "hyperparameters": {"space": [{"class_name": "Int", "config": {"name": "units1", "default": null, "conditions": [], "min_value": 32, "max_value": 256, "step": 32, "sampling": "linear"}}, {"class_name": "Int", "config": {"name": "units2", "default": null, "conditions": [], "min_value": 16, "max_value": 128, "step": 16, "sampling": "linear"}}, {"class_name": "Float", "config": {"name": "dropout", "default": 0.2, "conditions": [], "min_value": 0.2, "max_value": 0.5, "step": 0.1, "sampling": "linear"}}, {"class_name": "Choice", "config": {"name": "learning_rate", "default": 0.01, "conditions": [], "values": [0.01, 0.001, 0.0001], "ordered": true}}, {"class_name": "Choice", "config": {"name": "activation", "default": "relu", "conditions": [], "values": ["relu", "tanh"], "ordered": false}}], "values": {"units1": 32, "units2": 128, "dropout": 0.30000000000000004, "learning_rate": 0.001, "activation": "relu", "tuner/epochs": 2, "tuner/initial_epoch": 0, "tuner/bracket": 3, "tuner/round": 0}}, "metrics": {"metrics": {"accuracy": {"direction": "max", "observations": [{"value": [0.7852230072021484], "step": 1}]}, "auc": {"direction": "max", "observations": [{"value": [0.8112677335739136], "step": 1}]}, "loss": {"direction": "min", "observations": [{"value": [0.45329537987709045], "step": 1}]}, "val_accuracy": {"direction": "max", "observations": [{"value": [0.8021295666694641], "step": 1}]}, "val_auc": {"direction": "max", "observations": [{"value": [0.8374614119529724], "step": 1}]}, "val_loss": {"direction": "min", "observations": [{"value": [0.42613062262535095], "step": 1}]}}}, "score": 0.8374614119529724, "best_step": 1, "status": "COMPLETED", "message": null}