{"trial_id": "0049", "hyperparameters": {"space": [{"class_name": "Int", "config": {"name": "units1", "default": null, "conditions": [], "min_value": 32, "max_value": 256, "step": 32, "sampling": "linear"}}, {"class_name": "Int", "config": {"name": "units2", "default": null, "conditions": [], "min_value": 16, "max_value": 128, "step": 16, "sampling": "linear"}}, {"class_name": "Float", "config": {"name": "dropout", "default": 0.2, "conditions": [], "min_value": 0.2, "max_value": 0.5, "step": 0.1, "sampling": "linear"}}, {"class_name": "Choice", "config": {"name": "learning_rate", "default": 0.01, "conditions": [], "values": [0.01, 0.001, 0.0001], "ordered": true}}, {"class_name": "Choice", "config": {"name": "activation", "default": "relu", "conditions": [], "values": ["relu", "tanh"], "ordered": false}}], "values": {"units1": 64, "units2": 96, "dropout": 0.4, "learning_rate": 0.001, "activation": "relu", "tuner/epochs": 17, "tuner/initial_epoch": 6, "tuner/bracket": 3, "tuner/round": 2, "tuner/trial_id": "0034"}}, "metrics": {"metrics": {"accuracy": {"direction": "max", "observations": [{"value": [0.8018637895584106], "step": 4}]}, "auc": {"direction": "max", "observations": [{"value": [0.8455573916435242], "step": 4}]}, "loss": {"direction": "min", "observations": [{"value": [0.4166243374347687], "step": 4}]}, "val_accuracy": {"direction": "max", "observations": [{"value": [0.8118899464607239], "step": 4}]}, "val_auc": {"direction": "max", "observations": [{"value": [0.8444836139678955], "step": 4}]}, "val_loss": {"direction": "min", "observations": [{"value": [0.41764596104621887], "step": 4}]}}}, "score": 0.8444836139678955, "best_step": 4, "status": "COMPLETED", "message": null}