{"trial_id": "0057", "hyperparameters": {"space": [{"class_name": "Int", "config": {"name": "units1", "default": null, "conditions": [], "min_value": 32, "max_value": 256, "step": 32, "sampling": "linear"}}, {"class_name": "Int", "config": {"name": "units2", "default": null, "conditions": [], "min_value": 16, "max_value": 128, "step": 16, "sampling": "linear"}}, {"class_name": "Float", "config": {"name": "dropout", "default": 0.2, "conditions": [], "min_value": 0.2, "max_value": 0.5, "step": 0.1, "sampling": "linear"}}, {"class_name": "Choice", "config": {"name": "learning_rate", "default": 0.01, "conditions": [], "values": [0.01, 0.001, 0.0001], "ordered": true}}, {"class_name": "Choice", "config": {"name": "activation", "default": "relu", "conditions": [], "values": ["relu", "tanh"], "ordered": false}}], "values": {"units1": 96, "units2": 128, "dropout": 0.4, "learning_rate": 0.01, "activation": "tanh", "tuner/epochs": 6, "tuner/initial_epoch": 0, "tuner/bracket": 2, "tuner/round": 0}}, "metrics": {"metrics": {"accuracy": {"direction": "max", "observations": [{"value": [0.782116711139679], "step": 2}]}, "auc": {"direction": "max", "observations": [{"value": [0.811987042427063], "step": 2}]}, "loss": {"direction": "min", "observations": [{"value": [0.4555790424346924], "step": 2}]}, "val_accuracy": {"direction": "max", "observations": [{"value": [0.8056787848472595], "step": 2}]}, "val_auc": {"direction": "max", "observations": [{"value": [0.8402101397514343], "step": 2}]}, "val_loss": {"direction": "min", "observations": [{"value": [0.42456895112991333], "step": 2}]}}}, "score": 0.8402101397514343, "best_step": 2, "status": "COMPLETED", "message": null}