{"trial_id": "0042", "hyperparameters": {"space": [{"class_name": "Int", "config": {"name": "units1", "default": null, "conditions": [], "min_value": 32, "max_value": 256, "step": 32, "sampling": "linear"}}, {"class_name": "Int", "config": {"name": "units2", "default": null, "conditions": [], "min_value": 16, "max_value": 128, "step": 16, "sampling": "linear"}}, {"class_name": "Float", "config": {"name": "dropout", "default": 0.2, "conditions": [], "min_value": 0.2, "max_value": 0.5, "step": 0.1, "sampling": "linear"}}, {"class_name": "Choice", "config": {"name": "learning_rate", "default": 0.01, "conditions": [], "values": [0.01, 0.001, 0.0001], "ordered": true}}, {"class_name": "Choice", "config": {"name": "activation", "default": "relu", "conditions": [], "values": ["relu", "tanh"], "ordered": false}}], "values": {"units1": 160, "units2": 48, "dropout": 0.30000000000000004, "learning_rate": 0.001, "activation": "tanh", "tuner/epochs": 6, "tuner/initial_epoch": 2, "tuner/bracket": 3, "tuner/round": 1, "tuner/trial_id": "0032"}}, "metrics": {"metrics": {"accuracy": {"direction": "max", "observations": [{"value": [0.8016418814659119], "step": 2}]}, "auc": {"direction": "max", "observations": [{"value": [0.834743857383728], "step": 2}]}, "loss": {"direction": "min", "observations": [{"value": [0.4290841221809387], "step": 2}]}, "val_accuracy": {"direction": "max", "observations": [{"value": [0.8118899464607239], "step": 2}]}, "val_auc": {"direction": "max", "observations": [{"value": [0.8435525894165039], "step": 2}]}, "val_loss": {"direction": "min", "observations": [{"value": [0.4199245870113373], "step": 2}]}}}, "score": 0.8435525894165039, "best_step": 2, "status": "COMPLETED", "message": null}