{"trial_id": "0012", "hyperparameters": {"space": [{"class_name": "Int", "config": {"name": "units1", "default": null, "conditions": [], "min_value": 32, "max_value": 256, "step": 32, "sampling": "linear"}}, {"class_name": "Int", "config": {"name": "units2", "default": null, "conditions": [], "min_value": 16, "max_value": 128, "step": 16, "sampling": "linear"}}, {"class_name": "Float", "config": {"name": "dropout", "default": 0.2, "conditions": [], "min_value": 0.2, "max_value": 0.5, "step": 0.1, "sampling": "linear"}}, {"class_name": "Choice", "config": {"name": "learning_rate", "default": 0.01, "conditions": [], "values": [0.01, 0.001, 0.0001], "ordered": true}}, {"class_name": "Choice", "config": {"name": "activation", "default": "relu", "conditions": [], "values": ["relu", "tanh"], "ordered": false}}], "values": {"units1": 64, "units2": 128, "dropout": 0.4, "learning_rate": 0.0001, "activation": "tanh", "tuner/epochs": 2, "tuner/initial_epoch": 0, "tuner/bracket": 3, "tuner/round": 0}}, "metrics": {"metrics": {"accuracy": {"direction": "max", "observations": [{"value": [0.7501664161682129], "step": 1}]}, "auc": {"direction": "max", "observations": [{"value": [0.7540798187255859], "step": 1}]}, "loss": {"direction": "min", "observations": [{"value": [0.49838191270828247], "step": 1}]}, "val_accuracy": {"direction": "max", "observations": [{"value": [0.7781721353530884], "step": 1}]}, "val_auc": {"direction": "max", "observations": [{"value": [0.828882098197937], "step": 1}]}, "val_loss": {"direction": "min", "observations": [{"value": [0.44704458117485046], "step": 1}]}}}, "score": 0.828882098197937, "best_step": 1, "status": "COMPLETED", "message": null}