{"trial_id": "0087", "hyperparameters": {"space": [{"class_name": "Int", "config": {"name": "units1", "default": null, "conditions": [], "min_value": 32, "max_value": 256, "step": 32, "sampling": "linear"}}, {"class_name": "Int", "config": {"name": "units2", "default": null, "conditions": [], "min_value": 16, "max_value": 128, "step": 16, "sampling": "linear"}}, {"class_name": "Float", "config": {"name": "dropout", "default": 0.2, "conditions": [], "min_value": 0.2, "max_value": 0.5, "step": 0.1, "sampling": "linear"}}, {"class_name": "Choice", "config": {"name": "learning_rate", "default": 0.01, "conditions": [], "values": [0.01, 0.001, 0.0001], "ordered": true}}, {"class_name": "Choice", "config": {"name": "activation", "default": "relu", "conditions": [], "values": ["relu", "tanh"], "ordered": false}}], "values": {"units1": 32, "units2": 32, "dropout": 0.30000000000000004, "learning_rate": 0.0001, "activation": "tanh", "tuner/epochs": 50, "tuner/initial_epoch": 0, "tuner/bracket": 0, "tuner/round": 0}}, "metrics": {"metrics": {"accuracy": {"direction": "max", "observations": [{"value": [0.7898824214935303], "step": 25}]}, "auc": {"direction": "max", "observations": [{"value": [0.823191225528717], "step": 25}]}, "loss": {"direction": "min", "observations": [{"value": [0.44067665934562683], "step": 25}]}, "val_accuracy": {"direction": "max", "observations": [{"value": [0.8127772808074951], "step": 25}]}, "val_auc": {"direction": "max", "observations": [{"value": [0.845321774482727], "step": 25}]}, "val_loss": {"direction": "min", "observations": [{"value": [0.41776713728904724], "step": 25}]}}}, "score": 0.845321774482727, "best_step": 25, "status": "COMPLETED", "message": null}