{"trial_id": "0076", "hyperparameters": {"space": [{"class_name": "Int", "config": {"name": "units1", "default": null, "conditions": [], "min_value": 32, "max_value": 256, "step": 32, "sampling": "linear"}}, {"class_name": "Int", "config": {"name": "units2", "default": null, "conditions": [], "min_value": 16, "max_value": 128, "step": 16, "sampling": "linear"}}, {"class_name": "Float", "config": {"name": "dropout", "default": 0.2, "conditions": [], "min_value": 0.2, "max_value": 0.5, "step": 0.1, "sampling": "linear"}}, {"class_name": "Choice", "config": {"name": "learning_rate", "default": 0.01, "conditions": [], "values": [0.01, 0.001, 0.0001], "ordered": true}}, {"class_name": "Choice", "config": {"name": "activation", "default": "relu", "conditions": [], "values": ["relu", "tanh"], "ordered": false}}], "values": {"units1": 256, "units2": 16, "dropout": 0.2, "learning_rate": 0.01, "activation": "relu", "tuner/epochs": 17, "tuner/initial_epoch": 0, "tuner/bracket": 1, "tuner/round": 0}}, "metrics": {"metrics": {"accuracy": {"direction": "max", "observations": [{"value": [0.7965387105941772], "step": 8}]}, "auc": {"direction": "max", "observations": [{"value": [0.8439369201660156], "step": 8}]}, "loss": {"direction": "min", "observations": [{"value": [0.4208451211452484], "step": 8}]}, "val_accuracy": {"direction": "max", "observations": [{"value": [0.7941437363624573], "step": 8}]}, "val_auc": {"direction": "max", "observations": [{"value": [0.8421045541763306], "step": 8}]}, "val_loss": {"direction": "min", "observations": [{"value": [0.4332543611526489], "step": 8}]}}}, "score": 0.8421045541763306, "best_step": 8, "status": "COMPLETED", "message": null}