{"trial_id": "0077", "hyperparameters": {"space": [{"class_name": "Int", "config": {"name": "units1", "default": null, "conditions": [], "min_value": 32, "max_value": 256, "step": 32, "sampling": "linear"}}, {"class_name": "Int", "config": {"name": "units2", "default": null, "conditions": [], "min_value": 16, "max_value": 128, "step": 16, "sampling": "linear"}}, {"class_name": "Float", "config": {"name": "dropout", "default": 0.2, "conditions": [], "min_value": 0.2, "max_value": 0.5, "step": 0.1, "sampling": "linear"}}, {"class_name": "Choice", "config": {"name": "learning_rate", "default": 0.01, "conditions": [], "values": [0.01, 0.001, 0.0001], "ordered": true}}, {"class_name": "Choice", "config": {"name": "activation", "default": "relu", "conditions": [], "values": ["relu", "tanh"], "ordered": false}}], "values": {"units1": 192, "units2": 32, "dropout": 0.2, "learning_rate": 0.001, "activation": "tanh", "tuner/epochs": 17, "tuner/initial_epoch": 0, "tuner/bracket": 1, "tuner/round": 0}}, "metrics": {"metrics": {"accuracy": {"direction": "max", "observations": [{"value": [0.799201250076294], "step": 15}]}, "auc": {"direction": "max", "observations": [{"value": [0.843612015247345], "step": 15}]}, "loss": {"direction": "min", "observations": [{"value": [0.4175913631916046], "step": 15}]}, "val_accuracy": {"direction": "max", "observations": [{"value": [0.8136646151542664], "step": 15}]}, "val_auc": {"direction": "max", "observations": [{"value": [0.8462568521499634], "step": 15}]}, "val_loss": {"direction": "min", "observations": [{"value": [0.4156973361968994], "step": 15}]}}}, "score": 0.8462568521499634, "best_step": 15, "status": "COMPLETED", "message": null}