{"trial_id": "0075", "hyperparameters": {"space": [{"class_name": "Int", "config": {"name": "units1", "default": null, "conditions": [], "min_value": 32, "max_value": 256, "step": 32, "sampling": "linear"}}, {"class_name": "Int", "config": {"name": "units2", "default": null, "conditions": [], "min_value": 16, "max_value": 128, "step": 16, "sampling": "linear"}}, {"class_name": "Float", "config": {"name": "dropout", "default": 0.2, "conditions": [], "min_value": 0.2, "max_value": 0.5, "step": 0.1, "sampling": "linear"}}, {"class_name": "Choice", "config": {"name": "learning_rate", "default": 0.01, "conditions": [], "values": [0.01, 0.001, 0.0001], "ordered": true}}, {"class_name": "Choice", "config": {"name": "activation", "default": "relu", "conditions": [], "values": ["relu", "tanh"], "ordered": false}}], "values": {"units1": 160, "units2": 32, "dropout": 0.30000000000000004, "learning_rate": 0.001, "activation": "relu", "tuner/epochs": 17, "tuner/initial_epoch": 0, "tuner/bracket": 1, "tuner/round": 0}}, "metrics": {"metrics": {"accuracy": {"direction": "max", "observations": [{"value": [0.79698246717453], "step": 3}]}, "auc": {"direction": "max", "observations": [{"value": [0.8380466103553772], "step": 3}]}, "loss": {"direction": "min", "observations": [{"value": [0.42508465051651], "step": 3}]}, "val_accuracy": {"direction": "max", "observations": [{"value": [0.8118899464607239], "step": 3}]}, "val_auc": {"direction": "max", "observations": [{"value": [0.842900276184082], "step": 3}]}, "val_loss": {"direction": "min", "observations": [{"value": [0.419421523809433], "step": 3}]}}}, "score": 0.842900276184082, "best_step": 3, "status": "COMPLETED", "message": null}