{"trial_id": "0089", "hyperparameters": {"space": [{"class_name": "Int", "config": {"name": "units1", "default": null, "conditions": [], "min_value": 32, "max_value": 256, "step": 32, "sampling": "linear"}}, {"class_name": "Int", "config": {"name": "units2", "default": null, "conditions": [], "min_value": 16, "max_value": 128, "step": 16, "sampling": "linear"}}, {"class_name": "Float", "config": {"name": "dropout", "default": 0.2, "conditions": [], "min_value": 0.2, "max_value": 0.5, "step": 0.1, "sampling": "linear"}}, {"class_name": "Choice", "config": {"name": "learning_rate", "default": 0.01, "conditions": [], "values": [0.01, 0.001, 0.0001], "ordered": true}}, {"class_name": "Choice", "config": {"name": "activation", "default": "relu", "conditions": [], "values": ["relu", "tanh"], "ordered": false}}], "values": {"units1": 256, "units2": 16, "dropout": 0.2, "learning_rate": 0.01, "activation": "tanh", "tuner/epochs": 50, "tuner/initial_epoch": 0, "tuner/bracket": 0, "tuner/round": 0}}, "metrics": {"metrics": {"accuracy": {"direction": "max", "observations": [{"value": [0.7974262237548828], "step": 7}]}, "auc": {"direction": "max", "observations": [{"value": [0.8302555680274963], "step": 7}]}, "loss": {"direction": "min", "observations": [{"value": [0.43427613377571106], "step": 7}]}, "val_accuracy": {"direction": "max", "observations": [{"value": [0.8110026717185974], "step": 7}]}, "val_auc": {"direction": "max", "observations": [{"value": [0.8430657386779785], "step": 7}]}, "val_loss": {"direction": "min", "observations": [{"value": [0.4226161539554596], "step": 7}]}}}, "score": 0.8430657386779785, "best_step": 7, "status": "COMPLETED", "message": null}