{"trial_id": "0085", "hyperparameters": {"space": [{"class_name": "Int", "config": {"name": "units1", "default": null, "conditions": [], "min_value": 32, "max_value": 256, "step": 32, "sampling": "linear"}}, {"class_name": "Int", "config": {"name": "units2", "default": null, "conditions": [], "min_value": 16, "max_value": 128, "step": 16, "sampling": "linear"}}, {"class_name": "Float", "config": {"name": "dropout", "default": 0.2, "conditions": [], "min_value": 0.2, "max_value": 0.5, "step": 0.1, "sampling": "linear"}}, {"class_name": "Choice", "config": {"name": "learning_rate", "default": 0.01, "conditions": [], "values": [0.01, 0.001, 0.0001], "ordered": true}}, {"class_name": "Choice", "config": {"name": "activation", "default": "relu", "conditions": [], "values": ["relu", "tanh"], "ordered": false}}], "values": {"units1": 64, "units2": 80, "dropout": 0.4, "learning_rate": 0.01, "activation": "relu", "tuner/epochs": 50, "tuner/initial_epoch": 0, "tuner/bracket": 0, "tuner/round": 0}}, "metrics": {"metrics": {"accuracy": {"direction": "max", "observations": [{"value": [0.7956511974334717], "step": 7}]}, "auc": {"direction": "max", "observations": [{"value": [0.8319326043128967], "step": 7}]}, "loss": {"direction": "min", "observations": [{"value": [0.43660232424736023], "step": 7}]}, "val_accuracy": {"direction": "max", "observations": [{"value": [0.8047915101051331], "step": 7}]}, "val_auc": {"direction": "max", "observations": [{"value": [0.8436616659164429], "step": 7}]}, "val_loss": {"direction": "min", "observations": [{"value": [0.4281677007675171], "step": 7}]}}}, "score": 0.8436616659164429, "best_step": 7, "status": "COMPLETED", "message": null}