{"trial_id": "0050", "hyperparameters": {"space": [{"class_name": "Int", "config": {"name": "units1", "default": null, "conditions": [], "min_value": 32, "max_value": 256, "step": 32, "sampling": "linear"}}, {"class_name": "Int", "config": {"name": "units2", "default": null, "conditions": [], "min_value": 16, "max_value": 128, "step": 16, "sampling": "linear"}}, {"class_name": "Float", "config": {"name": "dropout", "default": 0.2, "conditions": [], "min_value": 0.2, "max_value": 0.5, "step": 0.1, "sampling": "linear"}}, {"class_name": "Choice", "config": {"name": "learning_rate", "default": 0.01, "conditions": [], "values": [0.01, 0.001, 0.0001], "ordered": true}}, {"class_name": "Choice", "config": {"name": "activation", "default": "relu", "conditions": [], "values": ["relu", "tanh"], "ordered": false}}], "values": {"units1": 224, "units2": 16, "dropout": 0.30000000000000004, "learning_rate": 0.001, "activation": "relu", "tuner/epochs": 50, "tuner/initial_epoch": 17, "tuner/bracket": 3, "tuner/round": 3, "tuner/trial_id": "0048"}}, "metrics": {"metrics": {"accuracy": {"direction": "max", "observations": [{"value": [0.8125138878822327], "step": 8}]}, "auc": {"direction": "max", "observations": [{"value": [0.8620182275772095], "step": 8}]}, "loss": {"direction": "min", "observations": [{"value": [0.3987662196159363], "step": 8}]}, "val_accuracy": {"direction": "max", "observations": [{"value": [0.8136646151542664], "step": 8}]}, "val_auc": {"direction": "max", "observations": [{"value": [0.8451763391494751], "step": 8}]}, "val_loss": {"direction": "min", "observations": [{"value": [0.41931816935539246], "step": 8}]}}}, "score": 0.8451763391494751, "best_step": 8, "status": "COMPLETED", "message": null}