{"trial_id": "0069", "hyperparameters": {"space": [{"class_name": "Int", "config": {"name": "units1", "default": null, "conditions": [], "min_value": 32, "max_value": 256, "step": 32, "sampling": "linear"}}, {"class_name": "Int", "config": {"name": "units2", "default": null, "conditions": [], "min_value": 16, "max_value": 128, "step": 16, "sampling": "linear"}}, {"class_name": "Float", "config": {"name": "dropout", "default": 0.2, "conditions": [], "min_value": 0.2, "max_value": 0.5, "step": 0.1, "sampling": "linear"}}, {"class_name": "Choice", "config": {"name": "learning_rate", "default": 0.01, "conditions": [], "values": [0.01, 0.001, 0.0001], "ordered": true}}, {"class_name": "Choice", "config": {"name": "activation", "default": "relu", "conditions": [], "values": ["relu", "tanh"], "ordered": false}}], "values": {"units1": 160, "units2": 128, "dropout": 0.4, "learning_rate": 0.001, "activation": "tanh", "tuner/epochs": 17, "tuner/initial_epoch": 6, "tuner/bracket": 2, "tuner/round": 1, "tuner/trial_id": "0066"}}, "metrics": {"metrics": {"accuracy": {"direction": "max", "observations": [{"value": [0.796760618686676], "step": 6}]}, "auc": {"direction": "max", "observations": [{"value": [0.8411927819252014], "step": 6}]}, "loss": {"direction": "min", "observations": [{"value": [0.42159000039100647], "step": 6}]}, "val_accuracy": {"direction": "max", "observations": [{"value": [0.8163265585899353], "step": 6}]}, "val_auc": {"direction": "max", "observations": [{"value": [0.8443402051925659], "step": 6}]}, "val_loss": {"direction": "min", "observations": [{"value": [0.4185907244682312], "step": 6}]}}}, "score": 0.8443402051925659, "best_step": 6, "status": "COMPLETED", "message": null}