{"trial_id": "0073", "hyperparameters": {"space": [{"class_name": "Int", "config": {"name": "units1", "default": null, "conditions": [], "min_value": 32, "max_value": 256, "step": 32, "sampling": "linear"}}, {"class_name": "Int", "config": {"name": "units2", "default": null, "conditions": [], "min_value": 16, "max_value": 128, "step": 16, "sampling": "linear"}}, {"class_name": "Float", "config": {"name": "dropout", "default": 0.2, "conditions": [], "min_value": 0.2, "max_value": 0.5, "step": 0.1, "sampling": "linear"}}, {"class_name": "Choice", "config": {"name": "learning_rate", "default": 0.01, "conditions": [], "values": [0.01, 0.001, 0.0001], "ordered": true}}, {"class_name": "Choice", "config": {"name": "activation", "default": "relu", "conditions": [], "values": ["relu", "tanh"], "ordered": false}}], "values": {"units1": 128, "units2": 128, "dropout": 0.30000000000000004, "learning_rate": 0.0001, "activation": "tanh", "tuner/epochs": 50, "tuner/initial_epoch": 17, "tuner/bracket": 2, "tuner/round": 2, "tuner/trial_id": "0071"}}, "metrics": {"metrics": {"accuracy": {"direction": "max", "observations": [{"value": [0.7932105660438538], "step": 1}]}, "auc": {"direction": "max", "observations": [{"value": [0.8377112150192261], "step": 1}]}, "loss": {"direction": "min", "observations": [{"value": [0.4249759614467621], "step": 1}]}, "val_accuracy": {"direction": "max", "observations": [{"value": [0.8172138333320618], "step": 1}]}, "val_auc": {"direction": "max", "observations": [{"value": [0.845980167388916], "step": 1}]}, "val_loss": {"direction": "min", "observations": [{"value": [0.41564399003982544], "step": 1}]}}}, "score": 0.845980167388916, "best_step": 1, "status": "COMPLETED", "message": null}