{"trial_id": "0048", "hyperparameters": {"space": [{"class_name": "Int", "config": {"name": "units1", "default": null, "conditions": [], "min_value": 32, "max_value": 256, "step": 32, "sampling": "linear"}}, {"class_name": "Int", "config": {"name": "units2", "default": null, "conditions": [], "min_value": 16, "max_value": 128, "step": 16, "sampling": "linear"}}, {"class_name": "Float", "config": {"name": "dropout", "default": 0.2, "conditions": [], "min_value": 0.2, "max_value": 0.5, "step": 0.1, "sampling": "linear"}}, {"class_name": "Choice", "config": {"name": "learning_rate", "default": 0.01, "conditions": [], "values": [0.01, 0.001, 0.0001], "ordered": true}}, {"class_name": "Choice", "config": {"name": "activation", "default": "relu", "conditions": [], "values": ["relu", "tanh"], "ordered": false}}], "values": {"units1": 224, "units2": 16, "dropout": 0.30000000000000004, "learning_rate": 0.001, "activation": "relu", "tuner/epochs": 17, "tuner/initial_epoch": 6, "tuner/bracket": 3, "tuner/round": 2, "tuner/trial_id": "0036"}}, "metrics": {"metrics": {"accuracy": {"direction": "max", "observations": [{"value": [0.7998668551445007], "step": 3}]}, "auc": {"direction": "max", "observations": [{"value": [0.8450096845626831], "step": 3}]}, "loss": {"direction": "min", "observations": [{"value": [0.4183686375617981], "step": 3}]}, "val_accuracy": {"direction": "max", "observations": [{"value": [0.8163265585899353], "step": 3}]}, "val_auc": {"direction": "max", "observations": [{"value": [0.8451662659645081], "step": 3}]}, "val_loss": {"direction": "min", "observations": [{"value": [0.41879525780677795], "step": 3}]}}}, "score": 0.8451662659645081, "best_step": 3, "status": "COMPLETED", "message": null}