{"trial_id": "0030", "hyperparameters": {"space": [{"class_name": "Int", "config": {"name": "units1", "default": null, "conditions": [], "min_value": 32, "max_value": 256, "step": 32, "sampling": "linear"}}, {"class_name": "Int", "config": {"name": "units2", "default": null, "conditions": [], "min_value": 16, "max_value": 128, "step": 16, "sampling": "linear"}}, {"class_name": "Float", "config": {"name": "dropout", "default": 0.2, "conditions": [], "min_value": 0.2, "max_value": 0.5, "step": 0.1, "sampling": "linear"}}, {"class_name": "Choice", "config": {"name": "learning_rate", "default": 0.01, "conditions": [], "values": [0.01, 0.001, 0.0001], "ordered": true}}, {"class_name": "Choice", "config": {"name": "activation", "default": "relu", "conditions": [], "values": ["relu", "tanh"], "ordered": false}}], "values": {"units1": 160, "units2": 16, "dropout": 0.30000000000000004, "learning_rate": 0.01, "activation": "relu", "tuner/epochs": 2, "tuner/initial_epoch": 0, "tuner/bracket": 3, "tuner/round": 0}}, "metrics": {"metrics": {"accuracy": {"direction": "max", "observations": [{"value": [0.7719103693962097], "step": 0}]}, "auc": {"direction": "max", "observations": [{"value": [0.7984755039215088], "step": 0}]}, "loss": {"direction": "min", "observations": [{"value": [0.471149206161499], "step": 0}]}, "val_accuracy": {"direction": "max", "observations": [{"value": [0.7976930141448975], "step": 0}]}, "val_auc": {"direction": "max", "observations": [{"value": [0.8370352983474731], "step": 0}]}, "val_loss": {"direction": "min", "observations": [{"value": [0.4334430694580078], "step": 0}]}}}, "score": 0.8370352983474731, "best_step": 0, "status": "COMPLETED", "message": null}