{"trial_id": "0072", "hyperparameters": {"space": [{"class_name": "Int", "config": {"name": "units1", "default": null, "conditions": [], "min_value": 32, "max_value": 256, "step": 32, "sampling": "linear"}}, {"class_name": "Int", "config": {"name": "units2", "default": null, "conditions": [], "min_value": 16, "max_value": 128, "step": 16, "sampling": "linear"}}, {"class_name": "Float", "config": {"name": "dropout", "default": 0.2, "conditions": [], "min_value": 0.2, "max_value": 0.5, "step": 0.1, "sampling": "linear"}}, {"class_name": "Choice", "config": {"name": "learning_rate", "default": 0.01, "conditions": [], "values": [0.01, 0.001, 0.0001], "ordered": true}}, {"class_name": "Choice", "config": {"name": "activation", "default": "relu", "conditions": [], "values": ["relu", "tanh"], "ordered": false}}], "values": {"units1": 192, "units2": 96, "dropout": 0.2, "learning_rate": 0.001, "activation": "relu", "tuner/epochs": 50, "tuner/initial_epoch": 17, "tuner/bracket": 2, "tuner/round": 2, "tuner/trial_id": "0067"}}, "metrics": {"metrics": {"accuracy": {"direction": "max", "observations": [{"value": [0.8107388615608215], "step": 3}]}, "auc": {"direction": "max", "observations": [{"value": [0.8606130480766296], "step": 3}]}, "loss": {"direction": "min", "observations": [{"value": [0.3978842496871948], "step": 3}]}, "val_accuracy": {"direction": "max", "observations": [{"value": [0.8101153373718262], "step": 3}]}, "val_auc": {"direction": "max", "observations": [{"value": [0.8454792499542236], "step": 3}]}, "val_loss": {"direction": "min", "observations": [{"value": [0.4175029695034027], "step": 3}]}}}, "score": 0.8454792499542236, "best_step": 3, "status": "COMPLETED", "message": null}